N1,N2,N3,N4,N5,Peso,MetodoCalculo
11,21,26,32,35,4.875,Mediana
7,11,21,26,32,4.857142857142857,Mediana
7,11,21,26,35,4.732142857142857,Mediana
7,11,21,32,35,4.732142857142857,Mediana
7,11,26,32,35,4.732142857142857,Mediana
7,21,26,32,35,4.732142857142857,Mediana
