N1,N2,N3,N4,N5,Peso,MetodoCalculo
11,21,26,32,35,4.438492063492063,Fusión
7,21,26,32,35,4.438492063492063,Fusión
7,11,21,26,32,4.420634920634921,Fusión
7,11,21,26,35,4.406746031746032,Fusión
7,11,26,32,35,4.406746031746032,Fusión
7,11,21,32,35,4.367063492063492,Fusión
