N1,N2,N3,N4,N5,Peso,MetodoCalculo
12,17,20,28,29,4.105703002892282,Fusión
9,12,17,20,29,4.082068979258258,Fusión
9,12,17,28,29,4.071271933167095,Fusión
9,17,20,28,29,4.043472159411438,Fusión
9,12,20,28,29,3.886705203249321,Fusión
9,12,17,20,28,3.81419721138649,Fusión
