N1,N2,N3,N4,N5,Peso,MetodoCalculo
1,3,19,26,30,4.427777777777777,Promedio
1,3,4,19,30,4.344444444444444,Promedio
1,4,19,26,30,4.205555555555556,Promedio
3,4,19,26,30,4.205555555555556,Promedio
1,3,4,19,26,4.194444444444445,Promedio
1,3,4,26,30,4.094444444444444,Promedio
