N1,N2,N3,N4,N5,Peso,MetodoCalculo
4,5,9,19,34,4.133333333333334,Promedio
5,9,19,34,35,4.133333333333334,Promedio
4,5,9,19,35,4.1,Promedio
4,5,9,34,35,4.1,Promedio
4,5,19,34,35,4.1,Promedio
4,9,19,34,35,4.1,Promedio
