N1,N2,N3,N4,N5,Peso,MetodoCalculo
1,3,4,19,26,4.233333333333333,Promedio
1,3,4,19,30,4.233333333333333,Promedio
1,3,4,26,30,4.066666666666667,Promedio
3,4,19,26,30,4.066666666666667,Promedio
1,3,19,26,30,4.000000000000001,Promedio
1,4,19,26,30,3.9,Promedio
